"","p_val","avg_log2FC","pct.1","pct.2","p_val_adj"
"Zbtb18",0,1.57836758493396,0.884,0.393,0
"Satb2",0,1.65905709801437,0.701,0.293,0
"Meg3",0,-1.09877890094085,0.801,0.981,0
"Enc1",5.46634906806407e-215,1.24413054369426,0.702,0.394,1.03270266593866e-210
"Foxp1",2.35546748341255e-199,1.6000071114106,0.612,0.337,4.44994916966299e-195
